-- Ô rendez-vous inventory seed. Run after 0006_inventory.sql (tables) and
-- 0008_team_roles.sql (manager write access). Targets the existing
-- restaurant id used throughout the other orendezvous seeds.
--
-- Categories/items are themed to the real menu (seed_orendezvous.sql):
-- viandes/volaille and poissons for the Plats Principaux, fromages/légumes
-- for the Entrées, épicerie sèche for the Accompagnements/Desserts.

-- ---------------------------------------------------------------------------
-- Clear stale inventory data for this restaurant only (safe to re-run).
-- ---------------------------------------------------------------------------

delete from public.inventory_categories where restaurant_id = '11111111-1111-1111-1111-111111111111';
delete from public.suppliers where restaurant_id = '11111111-1111-1111-1111-111111111111';
delete from public.deliveries where restaurant_id = '11111111-1111-1111-1111-111111111111';

-- ---------------------------------------------------------------------------
-- Categories
-- ---------------------------------------------------------------------------

insert into public.inventory_categories (id, restaurant_id, name, sort_order) values
  ('71111111-1111-1111-1111-111111111111', '11111111-1111-1111-1111-111111111111', 'Viandes & Volaille',        1),
  ('71111111-1111-1111-1111-111111111112', '11111111-1111-1111-1111-111111111111', 'Poissons & Fruits de mer',  2),
  ('71111111-1111-1111-1111-111111111113', '11111111-1111-1111-1111-111111111111', 'Fromages & Crèmerie',       3),
  ('71111111-1111-1111-1111-111111111114', '11111111-1111-1111-1111-111111111111', 'Légumes & Frais',           4),
  ('71111111-1111-1111-1111-111111111115', '11111111-1111-1111-1111-111111111111', 'Épicerie sèche',            5),
  ('71111111-1111-1111-1111-111111111116', '11111111-1111-1111-1111-111111111111', 'Boissons',                  6);

-- ---------------------------------------------------------------------------
-- Items — Viandes & Volaille
-- ---------------------------------------------------------------------------

insert into public.inventory_items (restaurant_id, category_id, name, unit, stock, min_threshold, unit_price_mad) values
  ('11111111-1111-1111-1111-111111111111', '71111111-1111-1111-1111-111111111111', 'Filet de bœuf',      'kg', 18, 8,  180),
  ('11111111-1111-1111-1111-111111111111', '71111111-1111-1111-1111-111111111111', 'Bœuf (carpaccio)',   'kg', 6,  6,  160),
  ('11111111-1111-1111-1111-111111111111', '71111111-1111-1111-1111-111111111111', 'Suprême de poulet',  'kg', 24, 12, 55),
  ('11111111-1111-1111-1111-111111111111', '71111111-1111-1111-1111-111111111111', 'Poulet (escalopes)', 'kg', 3,  10, 55);

-- ---------------------------------------------------------------------------
-- Items — Poissons & Fruits de mer
-- ---------------------------------------------------------------------------

insert into public.inventory_items (restaurant_id, category_id, name, unit, stock, min_threshold, unit_price_mad) values
  ('11111111-1111-1111-1111-111111111111', '71111111-1111-1111-1111-111111111112', 'Thon rouge',              'kg', 14, 6, 140),
  ('11111111-1111-1111-1111-111111111111', '71111111-1111-1111-1111-111111111112', 'Saumon',                  'kg', 10, 6, 150),
  ('11111111-1111-1111-1111-111111111111', '71111111-1111-1111-1111-111111111112', 'Gambas',                  'kg', 8,  5, 190),
  ('11111111-1111-1111-1111-111111111111', '71111111-1111-1111-1111-111111111112', 'Calamars',                'kg', 0,  5, 120),
  ('11111111-1111-1111-1111-111111111111', '71111111-1111-1111-1111-111111111112', 'Encre de seiche',         'litres', 2, 2, 220);

-- ---------------------------------------------------------------------------
-- Items — Fromages & Crèmerie
-- ---------------------------------------------------------------------------

insert into public.inventory_items (restaurant_id, category_id, name, unit, stock, min_threshold, unit_price_mad) values
  ('11111111-1111-1111-1111-111111111111', '71111111-1111-1111-1111-111111111113', 'Burrata 250g',      'unités', 16, 10, 55),
  ('11111111-1111-1111-1111-111111111111', '71111111-1111-1111-1111-111111111113', 'Féta',              'kg', 7,  4,  85),
  ('11111111-1111-1111-1111-111111111111', '71111111-1111-1111-1111-111111111113', 'Fromage de chèvre', 'kg', 4,  4,  110),
  ('11111111-1111-1111-1111-111111111111', '71111111-1111-1111-1111-111111111113', 'Parmesan',          'kg', 5,  3,  160),
  ('11111111-1111-1111-1111-111111111111', '71111111-1111-1111-1111-111111111113', 'Crème fraîche',     'litres', 12, 6, 28),
  ('11111111-1111-1111-1111-111111111111', '71111111-1111-1111-1111-111111111113', 'Mozzarella',        'kg', 6,  4,  75);

-- ---------------------------------------------------------------------------
-- Items — Légumes & Frais
-- ---------------------------------------------------------------------------

insert into public.inventory_items (restaurant_id, category_id, name, unit, stock, min_threshold, unit_price_mad) values
  ('11111111-1111-1111-1111-111111111111', '71111111-1111-1111-1111-111111111114', 'Tomates',           'kg', 22, 10, 8),
  ('11111111-1111-1111-1111-111111111111', '71111111-1111-1111-1111-111111111114', 'Avocats',           'unités', 30, 20, 5),
  ('11111111-1111-1111-1111-111111111111', '71111111-1111-1111-1111-111111111114', 'Oignons rouges',    'kg', 15, 8,  7),
  ('11111111-1111-1111-1111-111111111111', '71111111-1111-1111-1111-111111111114', 'Roquette / mesclun', 'kg', 3,  4,  22),
  ('11111111-1111-1111-1111-111111111111', '71111111-1111-1111-1111-111111111114', 'Betteraves',        'kg', 6,  4,  10),
  ('11111111-1111-1111-1111-111111111111', '71111111-1111-1111-1111-111111111114', 'Aubergines',        'kg', 9,  6,  9),
  ('11111111-1111-1111-1111-111111111111', '71111111-1111-1111-1111-111111111114', 'Citrons',           'kg', 8,  5,  10),
  ('11111111-1111-1111-1111-111111111111', '71111111-1111-1111-1111-111111111114', 'Herbes fraîches',   'bottes', 10, 6, 6);

-- ---------------------------------------------------------------------------
-- Items — Épicerie sèche
-- ---------------------------------------------------------------------------

insert into public.inventory_items (restaurant_id, category_id, name, unit, stock, min_threshold, unit_price_mad) values
  ('11111111-1111-1111-1111-111111111111', '71111111-1111-1111-1111-111111111115', 'Linguine',          'kg', 20, 10, 22),
  ('11111111-1111-1111-1111-111111111111', '71111111-1111-1111-1111-111111111115', 'Huile d''olive',    'litres', 18, 8, 65),
  ('11111111-1111-1111-1111-111111111111', '71111111-1111-1111-1111-111111111115', 'Câpres',            'kg', 2,  2,  95),
  ('11111111-1111-1111-1111-111111111111', '71111111-1111-1111-1111-111111111115', 'Olives',            'kg', 9,  5,  35),
  ('11111111-1111-1111-1111-111111111111', '71111111-1111-1111-1111-111111111115', 'Nachos',            'kg', 5,  4,  30),
  ('11111111-1111-1111-1111-111111111111', '71111111-1111-1111-1111-111111111115', 'Sauce soja',        'litres', 4, 3, 40),
  ('11111111-1111-1111-1111-111111111111', '71111111-1111-1111-1111-111111111115', 'Pain à l''ail',      'unités', 12, 15, 6);

-- ---------------------------------------------------------------------------
-- Items — Boissons
-- ---------------------------------------------------------------------------

insert into public.inventory_items (restaurant_id, category_id, name, unit, stock, min_threshold, unit_price_mad) values
  ('11111111-1111-1111-1111-111111111111', '71111111-1111-1111-1111-111111111116', 'Coca-Cola (canettes)', 'unités', 48, 24, 4),
  ('11111111-1111-1111-1111-111111111111', '71111111-1111-1111-1111-111111111116', 'Eau minérale 50cl',    'unités', 60, 30, 3),
  ('11111111-1111-1111-1111-111111111111', '71111111-1111-1111-1111-111111111116', 'Jus d''orange frais',   'litres', 5,  6,  15);

-- ---------------------------------------------------------------------------
-- Suppliers
-- ---------------------------------------------------------------------------

insert into public.suppliers (id, restaurant_id, name, category, status) values
  ('81111111-1111-1111-1111-111111111111', '11111111-1111-1111-1111-111111111111', 'Boucherie Al Fassia',       'Viandes & Volaille',       'active'),
  ('81111111-1111-1111-1111-111111111112', '11111111-1111-1111-1111-111111111111', 'Poissonnerie du Détroit',   'Poissons & Fruits de mer', 'active'),
  ('81111111-1111-1111-1111-111111111113', '11111111-1111-1111-1111-111111111111', 'Fromagerie Tanger',         'Fromages & Crèmerie',      'active'),
  ('81111111-1111-1111-1111-111111111114', '11111111-1111-1111-1111-111111111111', 'Ferme Bio Rif',             'Légumes & Frais',          'follow_up'),
  ('81111111-1111-1111-1111-111111111115', '11111111-1111-1111-1111-111111111111', 'Grossiste Épicerie Nord',   'Épicerie sèche',           'active');

-- ---------------------------------------------------------------------------
-- Deliveries
-- ---------------------------------------------------------------------------

insert into public.deliveries (restaurant_id, supplier_id, label, eta_at, urgent) values
  ('11111111-1111-1111-1111-111111111111', '81111111-1111-1111-1111-111111111112', 'Calamars · 15kg', now() + interval '3 hours', true),
  ('11111111-1111-1111-1111-111111111111', '81111111-1111-1111-1111-111111111111', 'Bœuf & poulet · 40kg', now() + interval '1 day', false),
  ('11111111-1111-1111-1111-111111111111', '81111111-1111-1111-1111-111111111114', 'Roquette & herbes fraîches', now() + interval '2 days', false),
  ('11111111-1111-1111-1111-111111111111', '81111111-1111-1111-1111-111111111115', 'Pain à l''ail · 50u', now() + interval '4 days', false);
